{
  "questions": [
    {
      "question": "At a party do you",
      "options": [
        {"a": "interact with many, including strangers"},
        {"b": "interact with a few, known to you"}
      ]
    },
    {
      "question": "Are you more",
      "options": [
        {"a": "realistic than speculative"},
        {"b": "speculative than realistic"}
      ]
    },
    {
      "question": "Is it worse to",
      "options": [
        {"a": "have your \"head in the clouds\""},
        {"b": "be \"in a rut\""}
      ]
    },
    {
      "question": "Are you more impressed by",
      "options": [
        {"a": "principles"},
        {"b": "emotions"}
      ]
    },
    {
      "question": "Are you more drawn toward the",
      "options": [
        {"a": "convincing"},
        {"b": "touching"}
      ]
    },
    {
      "question": "Do you prefer to work",
      "options": [
        {"a": "to deadlines"},
        {"b": "just \"whenever\""}
      ]
    },
    {
      "question": "Do you tend to choose",
      "options": [
        {"a": "rather carefully"},
        {"b": "somewhat impulsively"}
      ]
    },
    {
      "question": "At parties do you",
      "options": [
        {"a": "stay late, with increasing energy"},
        {"b": "leave early, with decreased energy"}
      ]
    },
    {
      "question": "Are you more attracted to",
      "options": [
        {"a": "sensible people"},
        {"b": "imaginative people"}
      ]
    },
    {
      "question": "Are you more interested in",
      "options": [
        {"a": "what is actual"},
        {"b": "what is possible"}
      ]
    },
    {
      "question": "In judging others are you more swayed by",
      "options": [
        {"a": "laws than circumstances"},
        {"b": "circumstances than laws"}
      ]
    },
    {
      "question": "In approaching others is your inclination to be somewhat",
      "options": [
        {"a": "objective"},
        {"b": "personal"}
      ]
    },
    {
      "question": "Are you more",
      "options": [
        {"a": "punctual"},
        {"b": "leisurely"}
      ]
    },
    {
      "question": "Does it bother you more having things",
      "options": [
        {"a": "incomplete"},
        {"b": "completed"}
      ]
    },
    {
      "question": "In your social groups do you",
      "options": [
        {"a": "keep abreast of other's happenings"},
        {"b": "get behind on the news"}
      ]
    },
    {
      "question": "In doing ordinary things are you more likely to",
      "options": [
        {"a": "do it the usual way"},
        {"b": "do it your own way"}
      ]
    },
    {
      "question": "Writers should",
      "options": [
        {"a": "\"say what they mean and mean what they say\""},
        {"b": "express things more by use of analogy"}
      ]
    },
    {
      "question": "Which appeals to you more",
      "options": [
        {"a": "consistency of thought"},
        {"b": "harmonious human relations"}
      ]
    },
    {
      "question": "Are you more comfortable in making",
      "options": [
        {"a": "logical judgments"},
        {"b": "value judgments"}
      ]
    },
    {
      "question": "Do you want things",
      "options": [
        {"a": "settled and decided"},
        {"b": "unsettled and undecided"}
      ]
    },
    {
      "question": "Would you say you are more",
      "options": [
        {"a": "serious and determined"},
        {"b": "easy-going"}
      ]
    },
    {
      "question": "In phoning do you",
      "options": [
        {"a": "rarely question that it will all be said"},
        {"b": "rehearse what you'll say"}
      ]
    },
    {
      "question": "Facts",
      "options": [
        {"a": "\"speak for themselves\""},
        {"b": "illustrate principles"}
      ]
    },
    {
      "question": "Are Visionaries",
      "options": [
        {"a": "somewhat annoying"},
        {"b": "rather fascinating"}
      ]
    },
    {
      "question": "Are you more often",
      "options": [
        {"a": "a cool-headed person"},
        {"b": "a warm-hearted person"}
      ]
    },
    {
      "question": "Is it worse to be",
      "options": [
        {"a": "unjust"},
        {"b": "merciless"}
      ]
    },
    {
      "question": "Should one usually let events occur",
      "options": [
        {"a": "by careful selection and choice"},
        {"b": "randomly and by chance"}
      ]
    },
    {
      "question": "Do you feel better about",
      "options": [
        {"a": "having purchased"},
        {"b": "having the option to buy"}
      ]
    },
    {
      "question": "In company do you",
      "options": [
        {"a": "initiate conversation"},
        {"b": "wait to be approached"}
      ]
    },
    {
      "question": "Common sense is",
      "options": [
        {"a": "rarely questionable"},
        {"b": "frequently questionable"}
      ]
    },
    {
      "question": "Children often do not",
      "options": [
        {"a": "make themselves useful enough"},
        {"b": "exercise their fantasy enough"}
      ]
    },
    {
      "question": "In making decisions do you feel more comfortable with",
      "options": [
        {"a": "standards"},
        {"b": "feelings"}
      ]
    },
    {
      "question": "Are you more",
      "options": [
        {"a": "firm than gentle"},
        {"b": "gentle than firm"}
      ]
    },
    {
      "question": "Which is more admirable",
      "options": [
        {"a": "the ability to organize and be methodical"},
        {"b": "the ability to adapt and make do"}
      ]
    },
    {
      "question": "Do you put more value on the",
      "options": [
        {"a": "definite"},
        {"b": "open-ended"}
      ]
    },
    {
      "question": "Does new and non-routine interaction with others",
      "options": [
        {"a": "stimulate and energize you"},
        {"b": "tax your reserves"}
      ]
    },
    {
      "question": "Are you more frequently",
      "options": [
        {"a": "a practical sort of person"},
        {"b": "a fanciful sort of person"}
      ]
    },
    {
      "question": "Are you more likely to",
      "options": [
        {"a": "see how others are useful"},
        {"b": "see how others see"}
      ]
    },
    {
      "question": "Which is more satisfying:",
      "options": [
        {"a": "to discuss an issue thoroughly"},
        {"b": "to arrive at agreement on an issue"}
      ]
    },
    {
      "question": "Which rules you more:",
      "options": [
        {"a": "your head"},
        {"b": "your heart"}
      ]
    },
    {
      "question": "Are you more comfortable with work that is",
      "options": [
        {"a": "contracted"},
        {"b": "done on a casual basis"}
      ]
    },
    {
      "question": "Do you tend to look for",
      "options": [
        {"a": "the orderly"},
        {"b": "whatever turns up"}
      ]
    },
    {
      "question": "Do you prefer",
      "options": [
        {"a": "many friends with brief contact"},
        {"b": "a few friends with more lengthy contact"}
      ]
    },
    {
      "question": "Do you go more by",
      "options": [
        {"a": "facts"},
        {"b": "principles"}
      ]
    },
    {
      "question": "Are more interested in",
      "options": [
        {"a": "production and distribution"},
        {"b": "design and research"}
      ]
    },
    {
      "question": "Which is more of a compliment:",
      "options": [
        {"a": "\"There is a very logical person.\""},
        {"b": "\"There is a very sentimental person.\""}
      ]
    },
    {
      "question": "Do you value in yourself more that you are",
      "options": [
        {"a": "unwavering"},
        {"b": "devoted"}
      ]
    },
    {
      "question": "Do you more often prefer the",
      "options": [
        {"a": "final and unalterable statement"},
        {"b": "tentative and preliminary statement"}
      ]
    },
    {
      "question": "Are you more comfortable",
      "options": [
        {"a": "after a decision"},
        {"b": "before a decision"}
      ]
    },
    {
      "question": "Do you",
      "options": [
        {"a": "speak easily and at length with strangers"},
        {"b": "find little to say to strangers"}
      ]
    },
    {
      "question": "Are more likely to trust your",
      "options": [
        {"a": "experience"},
        {"b": "hunch"}
      ]
    },
    {
      "question": "Do you feel",
      "options": [
        {"a": "more practical than ingenious"},
        {"b": "more ingenious than practical"}
      ]
    },
    {
      "question": "Which person is more to be complimented: one of",
      "options": [
        {"a": "clear reason"},
        {"b": "strong feeling"}
      ]
    },
    {
      "question": "Are you inclined more to be",
      "options": [
        {"a": "fair-minded"},
        {"b": "sympathetic"}
      ]
    },
    {
      "question": "Is it preferable mostly to",
      "options": [
        {"a": "make sure things are arranged"},
        {"b": "just let things happen"}
      ]
    },
    {
      "question": "In relationships should most things be",
      "options": [
        {"a": "renegotiable"},
        {"b": "random and circumstantial"}
      ]
    },
    {
      "question": "When the phone rings do you",
      "options": [
        {"a": "hasten to get to it first"},
        {"b": "hope someone else will answer"}
      ]
    },
    {
      "question": "Do you prize more in yourself",
      "options": [
        {"a": "a strong sense of reality"},
        {"b": "a vivid imagination"}
      ]
    },
    {
      "question": "Are you drawn more to",
      "options": [
        {"a": "fundamentals"},
        {"b": "overtones"}
      ]
    },
    {
      "question": "Which seems the greater error:",
      "options": [
        {"a": "to be too passionate"},
        {"b": "to be too objective"}
      ]
    },
    {
      "question": "Do you see yourself as basically",
      "options": [
        {"a": "hard-headed"},
        {"b": "soft-hearted"}
      ]
    },
    {
      "question": "Which situation appeals to you more:",
      "options": [
        {"a": "the structured and scheduled"},
        {"b": "the unstructured and unscheduled"}
      ]
    },
    {
      "question": "Are you a person that is more",
      "options": [
        {"a": "routinized than whimsical"},
        {"b": "whimsical than routinized"}
      ]
    },
    {
      "question": "Are you more inclined to be",
      "options": [
        {"a": "easy to approach"},
        {"b": "somewhat reserved"}
      ]
    },
    {
      "question": "In writings do you prefer",
      "options": [
        {"a": "the more literal"},
        {"b": "the more figurative"}
      ]
    },
    {
      "question": "Is it harder for you to",
      "options": [
        {"a": "identify with others"},
        {"b": "utilize others"}
      ]
    },
    {
      "question": "Which do you wish more for yourself:",
      "options": [
        {"a": "clarity of reason"},
        {"b": "strength of compassion"}
      ]
    },
    {
      "question": "Which is the greater fault:",
      "options": [
        {"a": "being indiscriminate"},
        {"b": "being critical"}
      ]
    },
    {
      "question": "Do you prefer the",
      "options": [
        {"a": "planned event"},
        {"b": "unplanned event"}
      ]
    },
    {
      "question": "Do you tend to be more",
      "options": [
        {"a": "deliberate than spontaneous"},
        {"b": "spontaneous than deliberate"}
      ]
    }
  ]
}
